{
    "name": "Travelworld Explorer",
    "slug": "travelworld-explorer",
    "description": "adventure travel",
    "version": "2.0.0",
    "industry": "Travel & Tourism",
    "colors": {
        "primary": "#0284c7",
        "secondary": "#f97316"
    },
    "typography": {
        "heading_font": "Abril Fatface",
        "body_font": "Inter"
    },
    "design": {
        "header_style": "sticky",
        "menu_style": "horizontal"
    },
    "features": [
        "Responsive",
        "Modern"
    ],
    "config": {
        "responsive": true
    },
    "layouts": [
        "home",
        "about",
        "contact"
    ]
}