{
    "name": "Restaurantpro Fine",
    "slug": "restaurantpro-fine",
    "description": "fine dining elegant",
    "version": "2.0.0",
    "industry": "Restaurant",
    "colors": {
        "primary": "#78350f",
        "secondary": "#a16207"
    },
    "typography": {
        "heading_font": "Cormorant Garamond",
        "body_font": "Inter"
    },
    "design": {
        "header_style": "sticky",
        "menu_style": "horizontal"
    },
    "features": [
        "Responsive",
        "Modern"
    ],
    "config": {
        "responsive": true
    },
    "layouts": [
        "home",
        "about",
        "contact"
    ]
}