{
    "name": "Realestatemax Luxury",
    "slug": "realestatemax-luxury",
    "description": "luxury properties",
    "version": "2.0.0",
    "industry": "Real Estate",
    "colors": {
        "primary": "#1e293b",
        "secondary": "#b45309"
    },
    "typography": {
        "heading_font": "Playfair Display",
        "body_font": "Inter"
    },
    "design": {
        "header_style": "sticky",
        "menu_style": "horizontal"
    },
    "features": [
        "Responsive",
        "Modern"
    ],
    "config": {
        "responsive": true
    },
    "layouts": [
        "home",
        "about",
        "contact"
    ]
}