{
    "name": "RetailPro Elite",
    "slug": "retailpro-elite",
    "description": "Luxury e-commerce template with elegant dark theme, gold accents, and premium feel",
    "version": "2.0.0",
    "author": "Carpathian CMS",
    "author_url": "https:\/\/carphatian.ro",
    "industry": "E-commerce",
    "colors": {
        "primary": "#d4af37",
        "secondary": "#2d2d2d",
        "accent": "#ffffff",
        "text": "#1a1a1a",
        "background": "#0a0a0a"
    },
    "typography": {
        "heading_font": "Playfair Display",
        "body_font": "Montserrat",
        "heading_weight": "700",
        "body_weight": "400"
    },
    "design": {
        "header_style": "centered-logo",
        "menu_style": "horizontal-elegant",
        "footer_style": "minimal-centered",
        "layout": "grid-uniform",
        "card_style": "bordered-luxury",
        "button_style": "square-elegant",
        "background_pattern": "subtle-texture",
        "icon_set": "feather-icons"
    },
    "features": [
        "Mega Menu",
        "Advanced Filters",
        "VIP Section",
        "Luxury Product Display",
        "Concierge Chat"
    ],
    "config": {
        "header_sticky": true,
        "animations_enabled": true,
        "lazy_loading": true
    },
    "layouts": [
        "home",
        "shop",
        "product",
        "cart",
        "checkout"
    ]
}