{
    "name": "Carpathian Theme",
    "slug": "carpathian",
    "version": "1.0.0",
    "author": "Carpathian CMS",
    "description": "Modern and elegant theme for Carpathian CMS with full features support",
    "thumbnail": "/images/themes/carpathian-preview.jpg",
    "config": {
        "color_scheme": {
            "primary": "#2563eb",
            "secondary": "#64748b",
            "accent": "#f59e0b",
            "background": "#ffffff",
            "text": "#1e293b"
        },
        "typography": {
            "font_family": "Inter, sans-serif",
            "heading_font": "Plus Jakarta Sans, sans-serif"
        },
        "layout": {
            "header_style": "transparent",
            "footer_style": "dark",
            "sidebar_position": "right"
        },
        "features": [
            "Responsive Design",
            "Dark Mode Support",
            "SEO Optimized",
            "Fast Loading",
            "Customizable Colors",
            "Multiple Layouts"
        ]
    },
    "layouts": {
        "default": "layouts/app",
        "homepage": "frontend/home",
        "blog": "frontend/blog",
        "page": "frontend/pages/show",
        "contact": "frontend/contact"
    }
}
