{
    "name": "Learninghub Online",
    "slug": "learninghub-online",
    "description": "modern elearning",
    "version": "2.0.0",
    "industry": "Education",
    "colors": {
        "primary": "#06b6d4",
        "secondary": "#8b5cf6"
    },
    "typography": {
        "heading_font": "Inter",
        "body_font": "Inter"
    },
    "design": {
        "header_style": "sticky",
        "menu_style": "horizontal"
    },
    "features": [
        "Responsive",
        "Modern"
    ],
    "config": {
        "responsive": true
    },
    "layouts": [
        "home",
        "about",
        "contact"
    ]
}