{
    "name": "Buildpro Industrial",
    "slug": "buildpro-industrial",
    "description": "industrial bold",
    "version": "2.0.0",
    "industry": "Construction",
    "colors": {
        "primary": "#ff8c00",
        "secondary": "#2c3e50"
    },
    "typography": {
        "heading_font": "Bebas Neue",
        "body_font": "Inter"
    },
    "design": {
        "header_style": "sticky",
        "menu_style": "horizontal"
    },
    "features": [
        "Responsive",
        "Modern"
    ],
    "config": {
        "responsive": true
    },
    "layouts": [
        "home",
        "about",
        "contact"
    ]
}