{
    "name": "Codecraft Pro",
    "slug": "codecraft-pro",
    "description": "dark mode code blocks",
    "version": "2.0.0",
    "industry": "Software Development",
    "colors": {
        "primary": "#00d9ff",
        "secondary": "#8b5cf6"
    },
    "typography": {
        "heading_font": "Space Grotesk",
        "body_font": "Inter"
    },
    "design": {
        "header_style": "sticky",
        "menu_style": "horizontal"
    },
    "features": [
        "Responsive",
        "Modern"
    ],
    "config": {
        "responsive": true
    },
    "layouts": [
        "home",
        "about",
        "contact"
    ]
}