{
    "name": "Medicare Plus",
    "slug": "medicare-plus",
    "description": "calming medical",
    "version": "2.0.0",
    "industry": "Healthcare",
    "colors": {
        "primary": "#0ea5e9",
        "secondary": "#10b981"
    },
    "typography": {
        "heading_font": "Nunito",
        "body_font": "Inter"
    },
    "design": {
        "header_style": "sticky",
        "menu_style": "horizontal"
    },
    "features": [
        "Responsive",
        "Modern"
    ],
    "config": {
        "responsive": true
    },
    "layouts": [
        "home",
        "about",
        "contact"
    ]
}