{
    "name": "Propertyhub Realty",
    "slug": "propertyhub-realty",
    "description": "professional realty",
    "version": "2.0.0",
    "industry": "Real Estate",
    "colors": {
        "primary": "#0369a1",
        "secondary": "#059669"
    },
    "typography": {
        "heading_font": "Montserrat",
        "body_font": "Inter"
    },
    "design": {
        "header_style": "sticky",
        "menu_style": "horizontal"
    },
    "features": [
        "Responsive",
        "Modern"
    ],
    "config": {
        "responsive": true
    },
    "layouts": [
        "home",
        "about",
        "contact"
    ]
}