{
    "name": "Healthplus Clinic",
    "slug": "healthplus-clinic",
    "description": "fresh healthcare",
    "version": "2.0.0",
    "industry": "Healthcare",
    "colors": {
        "primary": "#16a34a",
        "secondary": "#2563eb"
    },
    "typography": {
        "heading_font": "Quicksand",
        "body_font": "Inter"
    },
    "design": {
        "header_style": "sticky",
        "menu_style": "horizontal"
    },
    "features": [
        "Responsive",
        "Modern"
    ],
    "config": {
        "responsive": true
    },
    "layouts": [
        "home",
        "about",
        "contact"
    ]
}