{
    "name": "Financehub Invest",
    "slug": "financehub-invest",
    "description": "professional finance",
    "version": "2.0.0",
    "industry": "Finance",
    "colors": {
        "primary": "#065f46",
        "secondary": "#1e40af"
    },
    "typography": {
        "heading_font": "Work Sans",
        "body_font": "Inter"
    },
    "design": {
        "header_style": "sticky",
        "menu_style": "horizontal"
    },
    "features": [
        "Responsive",
        "Modern"
    ],
    "config": {
        "responsive": true
    },
    "layouts": [
        "home",
        "about",
        "contact"
    ]
}