{
    "name": "Consultpro Corporate",
    "slug": "consultpro-corporate",
    "description": "corporate trust",
    "version": "2.0.0",
    "industry": "Business Consulting",
    "colors": {
        "primary": "#1e3a8a",
        "secondary": "#059669"
    },
    "typography": {
        "heading_font": "Merriweather",
        "body_font": "Inter"
    },
    "design": {
        "header_style": "sticky",
        "menu_style": "horizontal"
    },
    "features": [
        "Responsive",
        "Modern"
    ],
    "config": {
        "responsive": true
    },
    "layouts": [
        "home",
        "about",
        "contact"
    ]
}