{
    "name": "Edupro Academy",
    "slug": "edupro-academy",
    "description": "academic organized",
    "version": "2.0.0",
    "industry": "Education",
    "colors": {
        "primary": "#7c3aed",
        "secondary": "#2563eb"
    },
    "typography": {
        "heading_font": "Poppins",
        "body_font": "Inter"
    },
    "design": {
        "header_style": "sticky",
        "menu_style": "horizontal"
    },
    "features": [
        "Responsive",
        "Modern"
    ],
    "config": {
        "responsive": true
    },
    "layouts": [
        "home",
        "about",
        "contact"
    ]
}