{
    "name": "Tourismpro Luxury",
    "slug": "tourismpro-luxury",
    "description": "luxury exclusive",
    "version": "2.0.0",
    "industry": "Travel & Tourism",
    "colors": {
        "primary": "#92400e",
        "secondary": "#0e7490"
    },
    "typography": {
        "heading_font": "Playfair Display",
        "body_font": "Inter"
    },
    "design": {
        "header_style": "sticky",
        "menu_style": "horizontal"
    },
    "features": [
        "Responsive",
        "Modern"
    ],
    "config": {
        "responsive": true
    },
    "layouts": [
        "home",
        "about",
        "contact"
    ]
}