{
    "name": "Devstudio Next",
    "slug": "devstudio-next",
    "description": "gradients SaaS",
    "version": "2.0.0",
    "industry": "Software Development",
    "colors": {
        "primary": "#6366f1",
        "secondary": "#ec4899"
    },
    "typography": {
        "heading_font": "Inter",
        "body_font": "Inter"
    },
    "design": {
        "header_style": "sticky",
        "menu_style": "horizontal"
    },
    "features": [
        "Responsive",
        "Modern"
    ],
    "config": {
        "responsive": true
    },
    "layouts": [
        "home",
        "about",
        "contact"
    ]
}