{
    "name": "Constructmax Elite",
    "slug": "constructmax-elite",
    "description": "professional construction",
    "version": "2.0.0",
    "industry": "Construction",
    "colors": {
        "primary": "#c62828",
        "secondary": "#37474f"
    },
    "typography": {
        "heading_font": "Oswald",
        "body_font": "Inter"
    },
    "design": {
        "header_style": "sticky",
        "menu_style": "horizontal"
    },
    "features": [
        "Responsive",
        "Modern"
    ],
    "config": {
        "responsive": true
    },
    "layouts": [
        "home",
        "about",
        "contact"
    ]
}