{
    "name": "Investpro Wealth",
    "slug": "investpro-wealth",
    "description": "wealth management",
    "version": "2.0.0",
    "industry": "Finance",
    "colors": {
        "primary": "#0f172a",
        "secondary": "#0891b2"
    },
    "typography": {
        "heading_font": "Crimson Pro",
        "body_font": "Inter"
    },
    "design": {
        "header_style": "sticky",
        "menu_style": "horizontal"
    },
    "features": [
        "Responsive",
        "Modern"
    ],
    "config": {
        "responsive": true
    },
    "layouts": [
        "home",
        "about",
        "contact"
    ]
}