{
    "name": "Businessedge Modern",
    "slug": "businessedge-modern",
    "description": "modern data-driven",
    "version": "2.0.0",
    "industry": "Business Consulting",
    "colors": {
        "primary": "#0891b2",
        "secondary": "#7c3aed"
    },
    "typography": {
        "heading_font": "Raleway",
        "body_font": "Inter"
    },
    "design": {
        "header_style": "sticky",
        "menu_style": "horizontal"
    },
    "features": [
        "Responsive",
        "Modern"
    ],
    "config": {
        "responsive": true
    },
    "layouts": [
        "home",
        "about",
        "contact"
    ]
}