{
    "name": "ShopFlow Modern",
    "slug": "shopflow-modern",
    "description": "Modern e-commerce template with dynamic product grids, sticky cart, and smooth animations",
    "version": "2.0.0",
    "author": "Carpathian CMS",
    "author_url": "https:\/\/carphatian.ro",
    "industry": "E-commerce",
    "colors": {
        "primary": "#e63946",
        "secondary": "#457b9d",
        "accent": "#f1faee",
        "text": "#1d3557",
        "background": "#ffffff"
    },
    "typography": {
        "heading_font": "Poppins",
        "body_font": "Inter",
        "heading_weight": "700",
        "body_weight": "400"
    },
    "design": {
        "header_style": "sticky-transparent",
        "menu_style": "mega-menu",
        "footer_style": "multi-column",
        "layout": "grid-masonry",
        "card_style": "elevated-hover",
        "button_style": "rounded-bold",
        "background_pattern": "diagonal-lines",
        "icon_set": "heroicons-outline"
    },
    "features": [
        "Product Grid",
        "Shopping Cart",
        "Wishlist",
        "Quick View",
        "Reviews",
        "Product Filters"
    ],
    "config": {
        "header_sticky": true,
        "animations_enabled": true,
        "lazy_loading": true
    },
    "layouts": [
        "home",
        "shop",
        "product",
        "cart",
        "checkout"
    ]
}