{
    "name": "Foodiedelight Bistro",
    "slug": "foodiedelight-bistro",
    "description": "casual appetizing",
    "version": "2.0.0",
    "industry": "Restaurant",
    "colors": {
        "primary": "#dc2626",
        "secondary": "#f97316"
    },
    "typography": {
        "heading_font": "Pacifico",
        "body_font": "Inter"
    },
    "design": {
        "header_style": "sticky",
        "menu_style": "horizontal"
    },
    "features": [
        "Responsive",
        "Modern"
    ],
    "config": {
        "responsive": true
    },
    "layouts": [
        "home",
        "about",
        "contact"
    ]
}